<Ui xmlns="http://www.blizzard.com/wow/ui/" xmlns:xsi="http://www.w3.org/2001/XMLSchema-instance" xsi:schemaLocation="http://www.blizzard.com/wow/ui/
..\FrameXML\UI.xsd">

	<FontFamily name="AzeriteFont10" virtual="true">
		<Member alphabet="roman">
			<Font font="Fonts\FRIZQT__.TTF" height="10" />
		</Member>
		<Member alphabet="korean">
			<Font font="Fonts\2002.TTF" height="10" />
		</Member>
		<Member alphabet="simplifiedchinese">
			<Font font="Fonts\ARKai_C.ttf" height="11" />
		</Member>
		<Member alphabet="traditionalchinese">
			<Font font="Fonts\bHEI01B.TTF" height="11" />
		</Member>
		<Member alphabet="russian">
			<Font font="Fonts\FRIZQT___CYR.TTF" height="10" />
		</Member>
	</FontFamily>

	<FontFamily name="AzeriteFont10_Outline" virtual="true">
		<Member alphabet="roman">
			<Font font="Fonts\FRIZQT__.TTF" height="10" outline="NORMAL"/>
		</Member>
		<Member alphabet="korean">
			<Font font="Fonts\2002.TTF" height="10" outline="NORMAL"/>
		</Member>
		<Member alphabet="simplifiedchinese">
			<Font font="Fonts\ARKai_C.ttf" height="11" outline="NORMAL"/>
		</Member>
		<Member alphabet="traditionalchinese">
			<Font font="Fonts\bHEI01B.TTF" height="11" outline="NORMAL"/>
		</Member>
		<Member alphabet="russian">
			<Font font="Fonts\FRIZQT___CYR.TTF" height="10" outline="NORMAL"/>
		</Member>
	</FontFamily>

	<FontFamily name="AzeriteFont11" virtual="true">
		<Member alphabet="roman">
			<Font font="Fonts\FRIZQT__.ttf" height="11" />
		</Member>
		<Member alphabet="korean">
			<Font font="Fonts\K_Pagetext.ttf" height="11" />
		</Member>
		<Member alphabet="simplifiedchinese">
			<Font font="Fonts\ARKai_T.ttf" height="11" />
		</Member>
		<Member alphabet="traditionalchinese">
			<Font font="Fonts\blei00d.ttf" height="11" />
		</Member>
		<Member alphabet="russian">
			<Font font="Fonts\MORPHEUS_CYR.ttf" height="11" />
		</Member>
	</FontFamily>

	<FontFamily name="AzeriteFont11_Outline" virtual="true">
		<Member alphabet="roman">
			<Font font="Fonts\FRIZQT__.ttf" height="11" outline="NORMAL"/>
		</Member>
		<Member alphabet="korean">
			<Font font="Fonts\K_Pagetext.ttf" height="11" outline="NORMAL"/>
		</Member>
		<Member alphabet="simplifiedchinese">
			<Font font="Fonts\ARKai_T.ttf" height="11" outline="NORMAL"/>
		</Member>
		<Member alphabet="traditionalchinese">
			<Font font="Fonts\blei00d.ttf" height="11" outline="NORMAL"/>
		</Member>
		<Member alphabet="russian">
			<Font font="Fonts\MORPHEUS_CYR.ttf" height="11" outline="NORMAL"/>
		</Member>
	</FontFamily>

	<FontFamily name="AzeriteFont12" virtual="true">
		<Member alphabet="roman">
			<Font font="Fonts\FRIZQT__.ttf" height="12" />
		</Member>
		<Member alphabet="korean">
			<Font font="Fonts\K_Pagetext.ttf" height="12" />
		</Member>
		<Member alphabet="simplifiedchinese">
			<Font font="Fonts\ARKai_T.ttf" height="12" />
		</Member>
		<Member alphabet="traditionalchinese">
			<Font font="Fonts\blei00d.ttf" height="12" />
		</Member>
		<Member alphabet="russian">
			<Font font="Fonts\MORPHEUS_CYR.ttf" height="12" />
		</Member>
	</FontFamily>

	<FontFamily name="AzeriteFont12_Outline" virtual="true">
		<Member alphabet="roman">
			<Font font="Fonts\FRIZQT__.ttf" height="12" outline="NORMAL"/>
		</Member>
		<Member alphabet="korean">
			<Font font="Fonts\K_Pagetext.ttf" height="12" outline="NORMAL"/>
		</Member>
		<Member alphabet="simplifiedchinese">
			<Font font="Fonts\ARKai_T.ttf" height="12" outline="NORMAL"/>
		</Member>
		<Member alphabet="traditionalchinese">
			<Font font="Fonts\blei00d.ttf" height="12" outline="NORMAL"/>
		</Member>
		<Member alphabet="russian">
			<Font font="Fonts\MORPHEUS_CYR.ttf" height="12" outline="NORMAL"/>
		</Member>
	</FontFamily>

	<FontFamily name="AzeriteFont13" virtual="true">
		<Member alphabet="roman">
			<Font font="Fonts\FRIZQT__.ttf" height="13" />
		</Member>
		<Member alphabet="korean">
			<Font font="Fonts\K_Pagetext.ttf" height="13" />
		</Member>
		<Member alphabet="simplifiedchinese">
			<Font font="Fonts\ARKai_T.ttf" height="13" />
		</Member>
		<Member alphabet="traditionalchinese">
			<Font font="Fonts\blei00d.ttf" height="13" />
		</Member>
		<Member alphabet="russian">
			<Font font="Fonts\MORPHEUS_CYR.ttf" height="13" />
		</Member>
	</FontFamily>

	<FontFamily name="AzeriteFont13_Outline" virtual="true">
		<Member alphabet="roman">
			<Font font="Fonts\FRIZQT__.ttf" height="13" outline="NORMAL"/>
		</Member>
		<Member alphabet="korean">
			<Font font="Fonts\K_Pagetext.ttf" height="13" outline="NORMAL"/>
		</Member>
		<Member alphabet="simplifiedchinese">
			<Font font="Fonts\ARKai_T.ttf" height="13" outline="NORMAL"/>
		</Member>
		<Member alphabet="traditionalchinese">
			<Font font="Fonts\blei00d.ttf" height="13" outline="NORMAL"/>
		</Member>
		<Member alphabet="russian">
			<Font font="Fonts\MORPHEUS_CYR.ttf" height="13" outline="NORMAL"/>
		</Member>
	</FontFamily>

	<FontFamily name="AzeriteFont14" virtual="true">
		<Member alphabet="roman">
			<Font font="Fonts\FRIZQT__.ttf" height="14" />
		</Member>
		<Member alphabet="korean">
			<Font font="Fonts\K_Pagetext.ttf" height="14" />
		</Member>
		<Member alphabet="simplifiedchinese">
			<Font font="Fonts\ARKai_T.ttf" height="14" />
		</Member>
		<Member alphabet="traditionalchinese">
			<Font font="Fonts\blei00d.ttf" height="14" />
		</Member>
		<Member alphabet="russian">
			<Font font="Fonts\MORPHEUS_CYR.ttf" height="14" />
		</Member>
	</FontFamily>

	<FontFamily name="AzeriteFont14_Outline" virtual="true">
		<Member alphabet="roman">
			<Font font="Fonts\FRIZQT__.TTF" height="14" outline="NORMAL"/>
		</Member>
		<Member alphabet="korean">
			<Font font="Fonts\2002.TTF" height="14" outline="NORMAL"/>
		</Member>
		<Member alphabet="simplifiedchinese">
			<Font font="Fonts\ARKai_T.ttf" height="14" outline="NORMAL"/>
		</Member>
		<Member alphabet="traditionalchinese">
			<Font font="Fonts\blei00d.TTF"  height="14" outline="NORMAL"/>
		</Member>
		<Member alphabet="russian">
			<Font font="Fonts\FRIZQT___CYR.TTF" height="14" outline="NORMAL"/>
		</Member>
	</FontFamily>

	<FontFamily name="AzeriteFont15" virtual="true">
		<Member alphabet="roman">
			<Font font="Fonts\FRIZQT__.TTF" height="15" />
		</Member>
		<Member alphabet="korean">
			<Font font="Fonts\2002.TTF" height="15" />
		</Member>
		<Member alphabet="simplifiedchinese">
			<Font font="Fonts\ARKai_T.ttf" height="15" />
		</Member>
		<Member alphabet="traditionalchinese">
			<Font font="Fonts\blei00d.TTF"  height="15" />
		</Member>
		<Member alphabet="russian">
			<Font font="Fonts\FRIZQT___CYR.TTF" height="15" />
		</Member>
	</FontFamily>

	<FontFamily name="AzeriteFont15_Outline" virtual="true">
		<Member alphabet="roman">
			<Font font="Fonts\FRIZQT__.TTF" height="15" outline="NORMAL"/>
		</Member>
		<Member alphabet="korean">
			<Font font="Fonts\2002.TTF" height="15" outline="NORMAL"/>
		</Member>
		<Member alphabet="simplifiedchinese">
			<Font font="Fonts\ARKai_T.ttf" height="15" outline="NORMAL"/>
		</Member>
		<Member alphabet="traditionalchinese">
			<Font font="Fonts\blei00d.TTF"  height="15" outline="NORMAL"/>
		</Member>
		<Member alphabet="russian">
			<Font font="Fonts\FRIZQT___CYR.TTF" height="15" outline="NORMAL"/>
		</Member>
	</FontFamily>

	<FontFamily name="AzeriteFont16" virtual="true">
		<Member alphabet="roman">
			<Font font="Fonts\FRIZQT__.TTF" height="16" />
		</Member>
		<Member alphabet="korean">
			<Font font="Fonts\2002.TTF" height="16" />
		</Member>
		<Member alphabet="simplifiedchinese">
			<Font font="Fonts\ARKai_T.ttf" height="16" />
		</Member>
		<Member alphabet="traditionalchinese">
			<Font font="Fonts\blei00d.TTF"  height="16" />
		</Member>
		<Member alphabet="russian">
			<Font font="Fonts\FRIZQT___CYR.TTF" height="16" />
		</Member>
	</FontFamily>

	<FontFamily name="AzeriteFont16_Outline" virtual="true">
		<Member alphabet="roman">
			<Font font="Fonts\FRIZQT__.TTF" height="16" outline="NORMAL"/>
		</Member>
		<Member alphabet="korean">
			<Font font="Fonts\2002.TTF" height="16" outline="NORMAL"/>
		</Member>
		<Member alphabet="simplifiedchinese">
			<Font font="Fonts\ARKai_T.ttf" height="16" outline="NORMAL"/>
		</Member>
		<Member alphabet="traditionalchinese">
			<Font font="Fonts\blei00d.TTF"  height="16" outline="NORMAL"/>
		</Member>
		<Member alphabet="russian">
			<Font font="Fonts\FRIZQT___CYR.TTF" height="16" outline="NORMAL"/>
		</Member>
	</FontFamily>

	<FontFamily name="AzeriteFont18" virtual="true">
		<Member alphabet="roman">
			<Font font="Fonts\FRIZQT__.TTF" height="18" />
		</Member>
		<Member alphabet="korean">
			<Font font="Fonts\2002.TTF" height="18" />
		</Member>
		<Member alphabet="simplifiedchinese">
			<Font font="Fonts\ARKai_T.ttf" height="18" />
		</Member>
		<Member alphabet="traditionalchinese">
			<Font font="Fonts\blei00d.TTF"  height="18" />
		</Member>
		<Member alphabet="russian">
			<Font font="Fonts\FRIZQT___CYR.TTF" height="18" />
		</Member>
	</FontFamily>

	<FontFamily name="AzeriteFont18_Outline" virtual="true">
		<Member alphabet="roman">
			<Font font="Fonts\FRIZQT__.TTF" height="18" outline="NORMAL"/>
		</Member>
		<Member alphabet="korean">
			<Font font="Fonts\2002.TTF" height="18" outline="NORMAL"/>
		</Member>
		<Member alphabet="simplifiedchinese">
			<Font font="Fonts\ARKai_T.ttf" height="18" outline="NORMAL"/>
		</Member>
		<Member alphabet="traditionalchinese">
			<Font font="Fonts\blei00d.TTF"  height="18" outline="NORMAL"/>
		</Member>
		<Member alphabet="russian">
			<Font font="Fonts\FRIZQT___CYR.TTF" height="18" outline="NORMAL"/>
		</Member>
	</FontFamily>

	<FontFamily name="AzeriteFont20_Outline" virtual="true">
		<Member alphabet="roman">
			<Font font="Fonts\FRIZQT__.TTF" height="20" outline="NORMAL"/>
		</Member>
		<Member alphabet="korean">
			<Font font="Fonts\2002.TTF" height="20" outline="NORMAL"/>
		</Member>
		<Member alphabet="simplifiedchinese">
			<Font font="Fonts\ARKai_T.ttf" height="20" outline="NORMAL"/>
		</Member>
		<Member alphabet="traditionalchinese">
			<Font font="Fonts\blei00d.TTF"  height="20" outline="NORMAL"/>
		</Member>
		<Member alphabet="russian">
			<Font font="Fonts\FRIZQT___CYR.TTF" height="20" outline="NORMAL"/>
		</Member>
	</FontFamily>

	<FontFamily name="AzeriteFont22_Outline" virtual="true">
		<Member alphabet="roman">
			<Font font="Fonts\FRIZQT__.TTF" height="22" outline="NORMAL"/>
		</Member>
		<Member alphabet="korean">
			<Font font="Fonts\2002.TTF" height="22" outline="NORMAL"/>
		</Member>
		<Member alphabet="simplifiedchinese">
			<Font font="Fonts\ARKai_T.ttf" height="22" outline="NORMAL"/>
		</Member>
		<Member alphabet="traditionalchinese">
			<Font font="Fonts\blei00d.TTF"  height="22" outline="NORMAL"/>
		</Member>
		<Member alphabet="russian">
			<Font font="Fonts\FRIZQT___CYR.TTF" height="22" outline="NORMAL"/>
		</Member>
	</FontFamily>

	<FontFamily name="AzeriteFont24_Outline" virtual="true">
		<Member alphabet="roman">
			<Font font="Fonts\FRIZQT__.TTF" height="24" outline="NORMAL"/>
		</Member>
		<Member alphabet="korean">
			<Font font="Fonts\2002.TTF" height="24" outline="NORMAL"/>
		</Member>
		<Member alphabet="simplifiedchinese">
			<Font font="Fonts\ARKai_T.ttf" height="24" outline="NORMAL"/>
		</Member>
		<Member alphabet="traditionalchinese">
			<Font font="Fonts\blei00d.TTF"  height="24" outline="NORMAL"/>
		</Member>
		<Member alphabet="russian">
			<Font font="Fonts\FRIZQT___CYR.TTF" height="24" outline="NORMAL"/>
		</Member>
	</FontFamily>

	<FontFamily name="AzeriteFont32_Outline" virtual="true">
		<Member alphabet="roman">
			<Font font="Fonts\FRIZQT__.TTF" height="32" outline="NORMAL"/>
		</Member>
		<Member alphabet="korean">
			<Font font="Fonts\2002.TTF" height="32" outline="NORMAL"/>
		</Member>
		<Member alphabet="simplifiedchinese">
			<Font font="Fonts\ARKai_T.ttf" height="32" outline="NORMAL"/>
		</Member>
		<Member alphabet="traditionalchinese">
			<Font font="Fonts\blei00d.TTF"  height="32" outline="NORMAL"/>
		</Member>
		<Member alphabet="russian">
			<Font font="Fonts\FRIZQT___CYR.TTF" height="32" outline="NORMAL"/>
		</Member>
	</FontFamily>

</Ui>
